iteration,category
0,Labeled trace
1,Labeled trace
2,Labeled trace
3,Labeled trace
4,Labeled trace
5,Labeled trace
6,Labeled trace
7,Labeled trace
8,Labeled trace
9,Labeled trace
10,Labeled trace
11,Labeled trace
12,Labeled trace
13,Labeled trace
14,Labeled trace
15,Labeled trace
16,Labeled trace
17,Labeled trace
18,Labeled trace
19,Labeled trace
20,Labeled trace
21,Labeled trace
22,Labeled trace
23,Labeled trace
24,Labeled trace
25,Labeled trace
26,Labeled trace
27,Labeled trace
28,Labeled trace
29,Labeled trace
30,Labeled trace
31,Labeled trace
32,Labeled trace
33,Labeled trace
34,Labeled trace
35,Labeled trace
36,Labeled trace
37,Labeled trace
38,Labeled trace
39,Labeled trace
40,Labeled trace
41,Labeled trace
42,Labeled trace
43,Labeled trace
44,Labeled trace
45,Labeled trace
46,Labeled trace
47,Labeled trace
